;Unnamed: 0;Unnamed: 0.1;Unnamed: 0.1.1;Action;bpm;blood_volume;last_action;last_bpm;last_blood_volume
0;0.0;0.0;0.0;2.0;126.54330833333336;309.0;0.0;126.79997500000002;237.0
1;1.0;1.0;1.0;0.0;121.88664166666668;544.0;2.0;126.54330833333336;309.0
2;2.0;2.0;2.0;1.0;119.42997500000004;440.0;0.0;121.88664166666668;544.0
3;3.0;3.0;3.0;1.0;116.97330833333336;401.0;1.0;119.42997500000004;440.0
4;4.0;4.0;4.0;0.0;112.3166416666667;637.0;1.0;116.97330833333336;401.0
5;5.0;5.0;5.0;2.0;112.05997500000004;398.0;0.0;112.3166416666667;637.0
6;6.0;6.0;6.0;0.0;107.40330833333336;635.0;2.0;112.05997500000004;398.0
7;7.0;7.0;7.0;2.0;107.21733833333336;421.0;0.0;107.40330833333336;635.0
8;8.0;8.0;8.0;2.0;107.05939500000004;468.0;2.0;107.21733833333336;421.0
9;9.0;9.0;9.0;1.0;104.77496000000004;407.0;2.0;107.05939500000004;468.0
10;10.0;10.0;10.0;0.0;100.35351500000004;647.0;1.0;104.77496000000004;407.0
11;11.0;11.0;11.0;2.0;100.38556500000004;393.0;0.0;100.35351500000004;647.0
12;12.0;12.0;12.0;2.0;100.5055266666667;442.0;2.0;100.38556500000004;393.0
13;13.0;13.0;13.0;0.0;96.25942833333336;670.0;2.0;100.5055266666667;442.0
14;14.0;14.0;14.0;0.0;92.09341000000003;861.0;0.0;96.25942833333336;670.0
15;15.0;15.0;15.0;2.0;92.36432333333336;441.0;0.0;92.09341000000003;861.0
16;16.0;16.0;16.0;0.0;88.25214333333334;677.0;2.0;92.36432333333336;441.0
17;17.0;17.0;17.0;0.0;84.19125666666667;889.0;0.0;88.25214333333334;677.0
18;18.0;18.0;18.0;0.0;80.22827333333333;1022.0;0.0;84.19125666666667;889.0
19;19.0;19.0;19.0;1.0;78.50960333333336;746.0;0.0;80.22827333333333;1022.0
20;20.0;20.0;20.0;2.0;79.01558000000001;616.0;1.0;78.50960333333336;746.0
21;21.0;21.0;21.0;2.0;79.61412500000002;634.0;2.0;79.01558000000001;616.0
22;22.0;22.0;22.0;2.0;80.33018333333334;657.0;2.0;79.61412500000002;634.0
23;23.0;23.0;23.0;2.0;81.09948833333334;687.0;2.0;80.33018333333334;657.0
24;24.0;24.0;24.0;2.0;81.96825000000003;674.0;2.0;81.09948833333334;687.0
25;25.0;25.0;25.0;0.0;78.56066666666669;858.0;2.0;81.96825000000003;674.0
26;26.0;26.0;26.0;2.0;79.67799000000002;440.0;0.0;78.56066666666669;858.0
27;27.0;27.0;27.0;2.0;80.8889366666667;464.0;2.0;79.67799000000002;440.0
28;28.0;28.0;28.0;2.0;82.14865333333336;528.0;2.0;80.8889366666667;464.0
29;29.0;29.0;29.0;1.0;81.24551666666667;434.0;2.0;82.14865333333336;528.0
30;30.0;30.0;30.0;2.0;82.57753333333334;428.0;1.0;81.24551666666667;434.0
31;31.0;31.0;31.0;0.0;79.54131666666669;652.0;2.0;82.57753333333334;428.0
32;32.0;32.0;32.0;2.0;80.93351000000001;370.0;0.0;79.54131666666669;652.0
33;33.0;33.0;33.0;0.0;78.01576333333334;602.0;2.0;80.93351000000001;370.0
34;34.0;34.0;34.0;2.0;79.53895666666669;342.0;0.0;78.01576333333334;602.0
35;35.0;35.0;35.0;1.0;78.87561166666669;319.0;2.0;79.53895666666669;342.0
36;36.0;36.0;36.0;0.0;76.01940333333334;555.0;1.0;78.87561166666669;319.0
37;37.0;37.0;37.0;0.0;73.19817166666667;774.0;0.0;76.01940333333334;555.0
38;38.0;38.0;38.0;2.0;74.78326833333334;401.0;0.0;73.19817166666667;774.0
39;39.0;39.0;39.0;0.0;72.0243216666667;631.0;2.0;74.78326833333334;401.0
40;40.0;40.0;40.0;2.0;73.67210666666666;357.0;0.0;72.0243216666667;631.0
41;41.0;41.0;41.0;3.0;77.56559833333333;422.0;2.0;73.67210666666666;357.0
42;42.0;42.0;42.0;0.0;74.85633;647.0;3.0;77.56559833333333;422.0
43;43.0;43.0;43.0;0.0;72.15087;840.0;0.0;74.85633;647.0
44;44.0;44.0;44.0;0.0;69.48892166666666;994.0;0.0;72.15087;840.0
45;45.0;45.0;45.0;1.0;69.07905833333332;718.0;0.0;69.48892166666666;994.0
46;46.0;46.0;46.0;0.0;66.45037666666667;882.0;1.0;69.07905833333332;718.0
47;47.0;47.0;47.0;0.0;63.845119999999994;1013.0;0.0;66.45037666666667;882.0
48;48.0;48.0;48.0;0.0;61.21536666666667;1121.0;0.0;63.845119999999994;1013.0
49;49.0;49.0;49.0;0.0;103.8362;237.0;0.0;61.21536666666667;1121.0
50;50.0;50.0;50.0;1.0;102.22286666666666;302.0;0.0;103.8362;237.0
51;51.0;51.0;51.0;1.0;100.60953333333332;331.0;1.0;102.22286666666666;302.0
52;52.0;52.0;52.0;0.0;96.7962;569.0;1.0;100.60953333333332;331.0
53;53.0;53.0;53.0;2.0;97.38286666666669;400.0;0.0;96.7962;569.0
54;54.0;54.0;54.0;3.0;100.16953333333332;460.0;2.0;97.38286666666669;400.0
55;55.0;55.0;55.0;0.0;96.3562;691.0;3.0;100.16953333333332;460.0
56;56.0;56.0;56.0;0.0;92.54286666666668;889.0;0.0;96.3562;691.0
57;57.0;57.0;57.0;0.0;88.78742666666668;1025.0;0.0;92.54286666666668;889.0
58;58.0;58.0;58.0;0.0;85.07624000000001;1147.0;0.0;88.78742666666668;1025.0
59;59.0;59.0;59.0;0.0;119.81100000000002;237.0;0.0;85.07624000000001;1147.0
60;60.0;60.0;60.0;2.0;119.81100000000002;297.0;0.0;119.81100000000002;237.0
61;61.0;61.0;61.0;2.0;119.81100000000002;425.0;2.0;119.81100000000002;297.0
62;62.0;62.0;62.0;0.0;115.41100000000002;659.0;2.0;119.81100000000002;425.0
63;63.0;63.0;63.0;0.0;111.011;878.0;0.0;115.41100000000002;659.0
64;64.0;64.0;64.0;0.0;106.611;1024.0;0.0;111.011;878.0
65;65.0;65.0;65.0;2.0;106.611;609.0;0.0;106.611;1024.0
66;66.0;66.0;66.0;1.0;104.411;509.0;2.0;106.611;609.0
67;67.0;67.0;67.0;2.0;104.4778;472.0;1.0;104.411;509.0
68;68.0;68.0;68.0;0.0;100.1674;705.0;2.0;104.4778;472.0
69;69.0;69.0;69.0;2.0;100.2584;411.0;0.0;100.1674;705.0
70;70.0;70.0;70.0;0.0;96.0176;645.0;2.0;100.2584;411.0
71;71.0;71.0;71.0;2.0;96.2682;402.0;0.0;96.0176;645.0
72;72.0;72.0;72.0;0.0;92.2118;635.0;2.0;96.2682;402.0
73;73.0;73.0;73.0;0.0;88.18320000000001;850.0;0.0;92.2118;635.0
74;74.0;74.0;74.0;2.0;88.59500000000001;468.0;0.0;88.18320000000001;850.0
75;75.0;75.0;75.0;1.0;86.82600000000002;424.0;2.0;88.59500000000001;468.0
76;76.0;76.0;76.0;2.0;87.33350000000002;411.0;1.0;86.82600000000002;424.0
77;77.0;77.0;77.0;1.0;85.67430000000002;372.0;2.0;87.33350000000002;411.0
78;78.0;78.0;78.0;0.0;81.89500000000002;606.0;1.0;85.67430000000002;372.0
79;79.0;79.0;79.0;0.0;78.1525;817.0;0.0;81.89500000000002;606.0
80;80.0;80.0;80.0;0.0;74.49390000000002;975.0;0.0;78.1525;817.0
81;81.0;81.0;81.0;0.0;70.9431;1119.0;0.0;74.49390000000002;975.0
82;82.0;82.0;82.0;0.0;81.87084999999995;237.0;0.0;70.9431;1119.0
83;83.0;83.0;83.0;0.0;78.8641833333333;477.0;0.0;81.87084999999995;237.0
84;84.0;84.0;84.0;2.0;80.25751666666666;378.0;0.0;78.8641833333333;477.0
85;85.0;85.0;85.0;2.0;81.65084999999998;450.0;2.0;80.25751666666666;378.0
86;86.0;86.0;86.0;1.0;80.84418333333333;420.0;2.0;81.65084999999998;450.0
87;87.0;87.0;87.0;1.0;80.03751666666669;390.0;1.0;80.84418333333333;420.0
88;88.0;88.0;88.0;2.0;81.43085;406.0;1.0;80.03751666666669;390.0
89;89.0;89.0;89.0;3.0;85.02418333333334;508.0;2.0;81.43085;406.0
90;90.0;90.0;90.0;0.0;82.06316333333334;738.0;3.0;85.02418333333334;508.0
91;91.0;91.0;91.0;0.0;79.16336999999999;914.0;0.0;82.06316333333334;738.0
92;92.0;92.0;92.0;1.0;78.45895999999998;670.0;0.0;79.16336999999999;914.0
93;93.0;93.0;93.0;1.0;77.72809000000002;483.0;1.0;78.45895999999998;670.0
94;94.0;94.0;94.0;0.0;74.80399;721.0;1.0;77.72809000000002;483.0
95;95.0;95.0;95.0;0.0;71.89802666666667;906.0;0.0;74.80399;721.0
96;96.0;96.0;96.0;1.0;71.17720333333334;666.0;0.0;71.89802666666667;906.0
97;97.0;97.0;97.0;2.0;72.59706;568.0;1.0;71.17720333333334;666.0
98;98.0;98.0;98.0;1.0;71.84617333333334;487.0;2.0;72.59706;568.0
99;99.0;99.0;99.0;0.0;68.95799333333335;717.0;1.0;71.84617333333334;487.0
100;100.0;100.0;100.0;0.0;66.10030666666667;897.0;0.0;68.95799333333335;717.0
101;101.0;101.0;101.0;2.0;67.66257333333334;509.0;0.0;66.10030666666667;897.0
102;102.0;102.0;102.0;1.0;67.07865333333335;416.0;2.0;67.66257333333334;509.0
103;103.0;103.0;103.0;2.0;68.76058000000002;400.0;1.0;67.07865333333335;416.0
104;104.0;104.0;104.0;0.0;66.07615;632.0;2.0;68.76058000000002;400.0
105;105.0;105.0;105.0;2.0;67.78173333333334;374.0;0.0;66.07615;632.0
106;106.0;106.0;106.0;1.0;67.29996333333335;350.0;2.0;67.78173333333334;374.0
107;107.0;107.0;107.0;0.0;64.6754;588.0;1.0;67.29996333333335;350.0
108;108.0;108.0;108.0;2.0;66.51976666666665;393.0;0.0;64.6754;588.0
109;109.0;109.0;109.0;0.0;63.96733999999999;626.0;2.0;66.51976666666665;393.0
110;110.0;110.0;110.0;0.0;61.42938666666666;829.0;0.0;63.96733999999999;626.0
111;111.0;111.0;111.0;0.0;58.88355333333333;988.0;0.0;61.42938666666666;829.0
112;112.0;112.0;112.0;0.0;56.38496666666667;1111.0;0.0;58.88355333333333;988.0
113;113.0;113.0;113.0;1.0;124.00784999999998;212.0;0.0;56.38496666666667;1111.0
114;114.0;114.0;114.0;2.0;123.93451666666664;358.0;1.0;124.00784999999998;212.0
115;115.0;115.0;115.0;0.0;119.46118333333332;596.0;2.0;123.93451666666664;358.0
116;116.0;116.0;116.0;0.0;114.98785;828.0;0.0;119.46118333333332;596.0
117;117.0;117.0;;0.0;87.52000833333338;477.0;0.0;90.85667500000004;237.0
118;118.0;118.0;;2.0;88.5833416666667;386.0;0.0;87.52000833333338;477.0
119;119.0;119.0;;0.0;85.24667500000002;623.0;2.0;88.5833416666667;386.0
120;120.0;120.0;;1.0;84.11000833333334;494.0;0.0;85.24667500000002;623.0
121;121.0;121.0;;1.0;82.97334166666668;447.0;1.0;84.11000833333334;494.0
122;122.0;122.0;;0.0;79.63667500000003;687.0;1.0;82.97334166666668;447.0
123;123.0;123.0;;2.0;80.70000833333334;423.0;0.0;79.63667500000003;687.0
124;124.0;124.0;;2.0;81.81399833333334;493.0;2.0;80.70000833333334;423.0
125;125.0;125.0;;1.0;80.79593500000001;452.0;2.0;81.81399833333334;493.0
126;126.0;126.0;;1.0;79.78008000000001;430.0;1.0;80.79593500000001;452.0
127;127.0;127.0;;0.0;76.61149499999998;669.0;1.0;79.78008000000001;430.0
128;128.0;128.0;;0.0;73.479545;885.0;0.0;76.61149499999998;669.0
129;129.0;129.0;;2.0;74.77434666666667;486.0;0.0;73.479545;885.0
130;130.0;130.0;;1.0;73.92986833333333;445.0;2.0;74.77434666666667;486.0
131;131.0;131.0;;1.0;73.09163000000002;388.0;1.0;73.92986833333333;445.0
132;132.0;132.0;;1.0;72.23840333333334;368.0;1.0;73.09163000000002;388.0
133;133.0;133.0;;2.0;73.60396333333334;391.0;1.0;72.23840333333334;368.0
134;134.0;134.0;;2.0;75.00033666666668;497.0;2.0;73.60396333333334;391.0
135;135.0;135.0;;3.0;78.66195333333334;580.0;2.0;75.00033666666668;497.0
136;136.0;136.0;;2.0;80.20124333333334;617.0;3.0;78.66195333333334;580.0
137;137.0;137.0;;0.0;77.35314;828.0;2.0;80.20124333333334;617.0
138;138.0;138.0;;2.0;78.930125;436.0;0.0;77.35314;828.0
139;139.0;139.0;;1.0;78.34408333333334;393.0;2.0;78.930125;436.0
140;140.0;140.0;;2.0;79.99654833333334;397.0;1.0;78.34408333333334;393.0
141;141.0;141.0;;2.0;81.65435000000002;495.0;2.0;79.99654833333334;397.0
142;142.0;142.0;;2.0;83.30676666666669;556.0;2.0;81.65435000000002;495.0
143;143.0;143.0;;0.0;80.52006999999998;773.0;2.0;83.30676666666669;556.0
144;144.0;144.0;;0.0;77.71517666666666;931.0;0.0;80.52006999999998;773.0
145;145.0;145.0;;2.0;79.36859333333334;519.0;0.0;77.71517666666666;931.0
146;146.0;146.0;;1.0;78.83381666666669;430.0;2.0;79.36859333333334;519.0
147;147.0;147.0;;2.0;80.52003333333334;398.0;1.0;78.83381666666669;430.0
148;148.0;148.0;;2.0;82.20191666666669;497.0;2.0;80.52003333333334;398.0
149;149.0;149.0;;0.0;79.46523;720.0;2.0;82.20191666666669;497.0
150;150.0;150.0;;1.0;78.90592333333333;527.0;0.0;79.46523;720.0
151;151.0;151.0;;0.0;76.18633666666669;760.0;1.0;78.90592333333333;527.0
152;152.0;152.0;;0.0;73.52435166666667;933.0;0.0;76.18633666666669;760.0
153;153.0;153.0;;2.0;75.24994333333333;516.0;0.0;73.52435166666667;933.0
154;154.0;154.0;;1.0;74.77023166666667;429.0;2.0;75.24994333333333;516.0
155;155.0;155.0;;0.0;72.05948833333333;666.0;1.0;74.77023166666667;429.0
156;156.0;156.0;;1.0;71.5032816666667;498.0;0.0;72.05948833333333;666.0
157;157.0;157.0;;0.0;68.76438666666667;729.0;1.0;71.5032816666667;498.0
158;158.0;158.0;;2.0;70.43007833333334;414.0;0.0;68.76438666666667;729.0
159;159.0;159.0;;0.0;67.72019;647.0;2.0;70.43007833333334;414.0
160;160.0;160.0;;1.0;67.24611;452.0;0.0;67.72019;647.0
161;161.0;161.0;;1.0;66.74088166666665;381.0;1.0;67.24611;452.0
162;162.0;162.0;;2.0;68.41625833333335;363.0;1.0;66.74088166666665;381.0
163;163.0;163.0;;3.0;72.31819666666667;467.0;2.0;68.41625833333335;363.0
164;164.0;164.0;;0.0;69.62586;695.0;3.0;72.31819666666667;467.0
165;165.0;165.0;;0.0;66.96526666666666;873.0;0.0;69.62586;695.0
166;166.0;166.0;;1.0;66.48379;638.0;0.0;66.96526666666666;873.0
167;167.0;167.0;;1.0;66.03055833333335;470.0;1.0;66.48379;638.0
168;168.0;168.0;;0.0;63.39830333333334;703.0;1.0;66.03055833333335;470.0
169;169.0;169.0;;0.0;60.78060833333333;871.0;0.0;63.39830333333334;703.0
170;170.0;170.0;;0.0;58.14841166666667;1002.0;0.0;60.78060833333333;871.0
171;171.0;171.0;;0.0;55.46110333333333;1116.0;0.0;58.14841166666667;1002.0
172;172.0;172.0;;0.0;66.89447499999999;237.0;0.0;55.46110333333333;1116.0
173;173.0;173.0;;0.0;64.43780833333332;477.0;0.0;66.89447499999999;237.0
174;174.0;174.0;;1.0;64.18114166666666;430.0;0.0;64.43780833333332;477.0
175;175.0;175.0;;0.0;61.724475;669.0;1.0;64.18114166666666;430.0
176;176.0;176.0;;0.0;59.26780833333334;881.0;0.0;61.724475;669.0
177;177.0;177.0;;0.0;56.81114166666667;1035.0;0.0;59.26780833333334;881.0
178;178.0;178.0;;0.0;54.35447500000001;1151.0;0.0;56.81114166666667;1035.0
179;179.0;179.0;;1.0;66.09919999999997;213.0;0.0;54.35447500000001;1151.0
180;180.0;180.0;;0.0;63.752533333333304;452.0;1.0;66.09919999999997;213.0
181;181.0;181.0;;1.0;63.60586666666664;429.0;0.0;63.752533333333304;452.0
182;182.0;182.0;;1.0;63.45919999999998;398.0;1.0;63.60586666666664;429.0
183;183.0;183.0;;1.0;63.31253333333332;372.0;1.0;63.45919999999998;398.0
184;184.0;184.0;;2.0;65.36586666666666;403.0;1.0;63.31253333333332;372.0
185;185.0;185.0;;1.0;65.21919999999999;385.0;2.0;65.36586666666666;403.0
186;186.0;186.0;;0.0;62.87253333333333;620.0;1.0;65.21919999999999;385.0
187;187.0;187.0;;1.0;62.728093333333334;483.0;0.0;62.87253333333333;620.0
188;188.0;188.0;;0.0;60.42004;717.0;1.0;62.728093333333334;483.0
189;189.0;189.0;;2.0;62.52642;440.0;0.0;60.42004;717.0
190;190.0;190.0;;0.0;60.23658;673.0;2.0;62.52642;440.0
191;191.0;191.0;;2.0;62.35058000000001;420.0;0.0;60.23658;673.0
192;192.0;192.0;;1.0;62.23528666666665;402.0;2.0;62.35058000000001;420.0
193;193.0;193.0;;0.0;59.91287333333332;637.0;1.0;62.23528666666665;402.0
194;194.0;194.0;;1.0;59.82761999999999;475.0;0.0;59.91287333333332;637.0
195;195.0;195.0;;0.0;57.55771333333333;708.0;1.0;59.82761999999999;475.0
196;196.0;196.0;;0.0;55.32585333333333;902.0;0.0;57.55771333333333;708.0
197;197.0;197.0;;0.0;53.07684666666666;1035.0;0.0;55.32585333333333;902.0
198;198.0;198.0;;2.0;76.28659999999998;210.0;0.0;53.07684666666666;1035.0
199;199.0;199.0;;2.0;78.0466;357.0;2.0;76.28659999999998;210.0
200;200.0;200.0;;2.0;79.8066;484.0;2.0;78.0466;357.0
201;201.0;201.0;;0.0;77.1666;711.0;2.0;79.8066;484.0
202;202.0;202.0;;0.0;74.5266;905.0;0.0;77.1666;711.0
203;203.0;203.0;;0.0;71.8866;1049.0;0.0;74.5266;905.0
204;204.0;204.0;;1.0;71.4466;786.0;0.0;71.8866;1049.0
205;205.0;205.0;;1.0;71.00659999999998;598.0;1.0;71.4466;786.0
206;206.0;206.0;;2.0;72.73988;478.0;1.0;71.00659999999998;598.0
207;207.0;207.0;;0.0;70.03732;711.0;2.0;72.73988;478.0
208;208.0;208.0;;1.0;69.49835999999999;530.0;0.0;70.03732;711.0
209;209.0;209.0;;0.0;66.78924;760.0;1.0;69.49835999999999;530.0
210;210.0;210.0;;3.0;70.73204;427.0;0.0;66.78924;760.0
211;211.0;211.0;;0.0;68.12736;659.0;3.0;70.73204;427.0
212;212.0;212.0;;0.0;65.54231999999999;863.0;0.0;68.12736;659.0
213;213.0;213.0;;0.0;62.96636;1020.0;0.0;65.54231999999999;863.0
214;214.0;214.0;;2.0;64.76634;602.0;0.0;62.96636;1020.0
215;215.0;215.0;;2.0;66.59796;604.0;2.0;64.76634;602.0
216;216.0;216.0;;0.0;64.05014;817.0;2.0;66.59796;604.0
217;217.0;217.0;;0.0;61.54574;978.0;0.0;64.05014;817.0
218;218.0;218.0;;1.0;61.19621999999999;735.0;0.0;61.54574;978.0
219;219.0;219.0;;0.0;58.66877999999999;914.0;1.0;61.19621999999999;735.0
220;220.0;220.0;;0.0;56.19699999999999;1049.0;0.0;58.66877999999999;914.0
221;221.0;221.0;;2.0;58.18219999999999;597.0;0.0;56.19699999999999;1049.0
222;222.0;222.0;;1.0;57.95878;481.0;2.0;58.18219999999999;597.0
223;223.0;223.0;;0.0;55.5052;714.0;1.0;57.95878;481.0
224;224.0;224.0;;0.0;53.0889;906.0;0.0;55.5052;714.0
225;225.0;225.0;;0.0;60.903925;237.0;0.0;53.0889;906.0
226;226.0;226.0;;0.0;58.66725833333332;477.0;0.0;60.903925;237.0
227;227.0;227.0;;0.0;56.43059166666666;716.0;0.0;58.66725833333332;477.0
228;228.0;228.0;;1.0;56.393925;522.0;0.0;56.43059166666666;716.0
229;229.0;229.0;;2.0;58.55725833333333;462.0;1.0;56.393925;522.0
230;230.0;230.0;;2.0;60.720591666666664;542.0;2.0;58.55725833333333;462.0
231;231.0;231.0;;3.0;65.083925;592.0;2.0;60.720591666666664;542.0
232;232.0;232.0;;1.0;65.04725833333333;508.0;3.0;65.083925;592.0
233;233.0;233.0;;2.0;67.24454833333334;470.0;1.0;65.04725833333333;508.0
234;234.0;234.0;;2.0;69.48738500000002;559.0;2.0;67.24454833333334;470.0
235;235.0;235.0;;0.0;67.37648;777.0;2.0;69.48738500000002;559.0
236;236.0;236.0;;1.0;67.47914499999999;548.0;0.0;67.37648;777.0
237;237.0;237.0;;1.0;67.55149499999999;436.0;1.0;67.47914499999999;548.0
238;238.0;238.0;;0.0;65.38244666666667;672.0;1.0;67.55149499999999;436.0
239;239.0;239.0;;1.0;65.33831833333333;507.0;0.0;65.38244666666667;672.0
240;240.0;240.0;;2.0;67.47413;462.0;1.0;65.33831833333333;507.0
241;241.0;241.0;;2.0;69.57800333333334;529.0;2.0;67.47413;462.0
242;242.0;242.0;;0.0;67.23866333333335;754.0;2.0;69.57800333333334;529.0
243;243.0;243.0;;1.0;67.12203666666667;550.0;0.0;67.23866333333335;754.0
244;244.0;244.0;;2.0;69.21695333333334;469.0;1.0;67.12203666666667;550.0
245;245.0;245.0;;0.0;66.91244333333334;699.0;2.0;69.21695333333334;469.0
246;246.0;246.0;;1.0;66.84154000000001;537.0;0.0;66.91244333333334;699.0
247;247.0;247.0;;2.0;68.98187499999999;461.0;1.0;66.84154000000001;537.0
248;248.0;248.0;;2.0;71.08888333333334;527.0;2.0;68.98187499999999;461.0
249;249.0;;;0.0;100.02286666666666;477.0;0.0;103.8362;237.0
250;250.0;;;0.0;96.20953333333333;714.0;0.0;100.02286666666666;477.0
251;251.0;;;2.0;96.7962;425.0;0.0;96.20953333333333;714.0
252;252.0;;;0.0;92.98286666666668;660.0;2.0;96.7962;425.0
253;253.0;;;0.0;89.16953333333332;867.0;0.0;92.98286666666668;660.0
254;254.0;;;1.0;87.5562;632.0;0.0;89.16953333333332;867.0
255;255.0;;;1.0;85.94286666666667;495.0;1.0;87.5562;632.0
256;256.0;;;2.0;86.58742666666667;441.0;1.0;85.94286666666667;495.0
257;257.0;;;0.0;82.90964000000002;674.0;2.0;86.58742666666667;441.0
258;258.0;;;1.0;81.51072000000002;500.0;0.0;82.90964000000002;674.0
259;259.0;;;0.0;77.92508000000002;738.0;1.0;81.51072000000002;500.0
260;260.0;;;0.0;74.39828000000001;919.0;0.0;77.92508000000002;738.0
261;261.0;;;2.0;75.35345333333333;511.0;0.0;74.39828000000001;919.0
262;262.0;;;0.0;71.95910666666668;743.0;2.0;75.35345333333333;511.0
263;263.0;;;2.0;73.00552000000002;425.0;0.0;71.95910666666668;743.0
264;264.0;;;0.0;69.66064666666668;660.0;2.0;73.00552000000002;425.0
265;265.0;;;1.0;68.58158666666667;486.0;0.0;69.66064666666668;660.0
266;266.0;;;0.0;65.35871333333333;721.0;1.0;68.58158666666667;486.0
267;267.0;;;1.0;64.41664666666667;521.0;0.0;65.35871333333333;721.0
268;268.0;;;2.0;65.76820666666667;441.0;1.0;64.41664666666667;521.0
269;269.0;;;1.0;64.94945999999999;389.0;2.0;65.76820666666667;441.0
270;270.0;;;2.0;66.4067;407.0;1.0;64.94945999999999;389.0
271;271.0;;;1.0;65.69756666666667;369.0;2.0;66.4067;407.0
272;272.0;;;1.0;65.06852666666668;351.0;1.0;65.69756666666667;369.0
273;273.0;;;0.0;62.30970000000002;587.0;1.0;65.06852666666668;351.0
274;274.0;;;1.0;61.84493333333334;448.0;0.0;62.30970000000002;587.0
275;275.0;;;2.0;63.65258000000001;411.0;1.0;61.84493333333334;448.0
276;276.0;;;2.0;65.48937333333333;475.0;2.0;63.65258000000001;411.0
277;277.0;;;0.0;62.97620666666666;700.0;2.0;65.48937333333333;475.0
278;278.0;;;0.0;60.48953333333333;880.0;0.0;62.97620666666666;700.0
279;279.0;;;0.0;58.04886666666667;1027.0;0.0;60.48953333333333;880.0
280;280.0;;;0.0;55.66183333333333;1139.0;0.0;58.04886666666667;1027.0
281;281.0;;;0.0;116.81572500000004;237.0;0.0;55.66183333333333;1139.0
282;282.0;;;2.0;116.92572500000004;297.0;0.0;116.81572500000004;237.0
283;283.0;;;2.0;117.03572500000004;426.0;2.0;116.92572500000004;297.0
284;284.0;;;1.0;114.94572500000004;394.0;2.0;117.03572500000004;426.0
285;285.0;;;1.0;112.85572500000004;377.0;1.0;114.94572500000004;394.0
286;286.0;;;3.0;115.16572500000002;394.0;1.0;112.85572500000004;377.0
287;287.0;;;0.0;110.87572500000002;629.0;3.0;115.16572500000002;394.0
288;288.0;;;2.0;110.98572500000002;393.0;0.0;110.87572500000002;629.0
289;289.0;;;2.0;111.16085500000004;474.0;2.0;110.98572500000002;393.0
290;290.0;;;3.0;113.556545;556.0;2.0;111.16085500000004;474.0
291;291.0;;;1.0;111.55136000000002;502.0;3.0;113.556545;556.0
292;292.0;;;0.0;107.378665;724.0;1.0;111.55136000000002;502.0
293;293.0;;;1.0;105.450215;504.0;0.0;107.378665;724.0
294;294.0;;;0.0;101.30006;730.0;1.0;105.450215;504.0
295;295.0;;;1.0;99.40644499999999;539.0;0.0;101.30006;730.0
296;296.0;;;1.0;97.53641000000002;420.0;1.0;99.40644499999999;539.0
297;297.0;;;1.0;95.66899;395.0;1.0;97.53641000000002;420.0
298;298.0;;;2.0;95.97111;394.0;1.0;95.66899;395.0
299;299.0;;;0.0;91.89879;631.0;2.0;95.97111;394.0
300;300.0;;;0.0;87.90814;846.0;0.0;91.89879;631.0
301;301.0;;;0.0;83.97817000000002;999.0;0.0;87.90814;846.0
302;302.0;;;0.0;80.13278000000003;1127.0;0.0;83.97817000000002;999.0
303;303.0;;;0.0;105.83305000000004;237.0;0.0;80.13278000000003;1127.0
304;304.0;;;2.0;106.34638333333336;297.0;0.0;105.83305000000004;237.0
305;305.0;;;0.0;102.4597166666667;534.0;2.0;106.34638333333336;297.0
306;306.0;;;0.0;98.57305000000002;768.0;0.0;102.4597166666667;534.0
307;307.0;;;3.0;101.28638333333336;453.0;0.0;98.57305000000002;768.0
308;308.0;;;1.0;99.59971666666668;418.0;3.0;101.28638333333336;453.0
309;309.0;;;1.0;97.91305;397.0;1.0;99.59971666666668;418.0
310;310.0;;;0.0;94.02638333333334;635.0;1.0;97.91305;397.0
311;311.0;;;2.0;94.59872333333335;417.0;0.0;94.02638333333334;635.0
312;312.0;;;0.0;90.78341000000002;653.0;2.0;94.59872333333335;417.0
313;313.0;;;0.0;87.02568000000002;869.0;0.0;90.78341000000002;653.0
314;314.0;;;0.0;83.34817000000002;1023.0;0.0;87.02568000000002;869.0
315;315.0;;;0.0;79.65227;1148.0;0.0;83.34817000000002;1023.0
316;316.0;;;1.0;131.99525;213.0;0.0;79.65227;1148.0
317;317.0;;;0.0;127.22858333333332;452.0;1.0;131.99525;213.0
318;318.0;;;0.0;122.46191666666668;692.0;0.0;127.22858333333332;452.0
319;319.0;;;3.0;124.29525;429.0;0.0;122.46191666666668;692.0
320;320.0;;;2.0;123.92858333333334;473.0;3.0;124.29525;429.0
321;321.0;;;2.0;123.56191666666668;551.0;2.0;123.92858333333334;473.0
322;322.0;;;0.0;118.79525;772.0;2.0;123.56191666666668;551.0
323;323.0;;;0.0;114.02858333333334;944.0;0.0;118.79525;772.0
324;324.0;;;2.0;113.70088333333337;557.0;0.0;114.02858333333334;944.0
325;325.0;;;3.0;115.65885;580.0;2.0;113.70088333333337;557.0
326;326.0;;;0.0;111.1147;798.0;3.0;115.65885;580.0
327;327.0;;;1.0;108.76975000000002;590.0;0.0;111.1147;798.0
328;328.0;;;0.0;104.22495000000002;820.0;1.0;108.76975000000002;590.0
329;329.0;;;2.0;104.09166666666668;456.0;0.0;104.22495000000002;820.0
330;330.0;;;1.0;101.83758333333334;396.0;2.0;104.09166666666668;456.0
331;331.0;;;2.0;101.88600000000002;414.0;1.0;101.83758333333334;396.0
332;332.0;;;0.0;97.57213333333334;646.0;2.0;101.88600000000002;414.0
333;333.0;;;0.0;93.24193333333336;866.0;0.0;97.57213333333334;646.0
334;334.0;;;2.0;93.3854666666667;474.0;0.0;93.24193333333336;866.0
335;335.0;;;1.0;91.40443333333336;414.0;2.0;93.3854666666667;474.0
336;336.0;;;0.0;87.32333333333338;650.0;1.0;91.40443333333336;414.0
337;337.0;;;0.0;83.28850000000003;857.0;0.0;87.32333333333338;650.0
338;338.0;;;2.0;83.71305000000002;463.0;0.0;83.28850000000003;857.0
339;339.0;;;2.0;84.17663333333336;494.0;2.0;83.71305000000002;463.0
340;340.0;;;1.0;82.53678333333335;423.0;2.0;84.17663333333336;494.0
341;341.0;;;0.0;78.81770000000002;658.0;1.0;82.53678333333335;423.0
342;342.0;;;2.0;79.55426666666669;377.0;0.0;78.81770000000002;658.0
343;343.0;;;0.0;75.95890000000001;608.0;2.0;79.55426666666669;377.0
344;344.0;;;0.0;72.47656666666667;817.0;0.0;75.95890000000001;608.0
345;345.0;;;0.0;69.11933333333334;978.0;0.0;72.47656666666667;817.0
346;346.0;;;0.0;65.82066666666667;1105.0;0.0;69.11933333333334;978.0
347;347.0;;;0.0;103.8362;237.0;0.0;65.82066666666667;1105.0
348;348.0;;;1.0;102.22286666666666;302.0;0.0;103.8362;237.0
349;349.0;;;0.0;98.40953333333331;542.0;1.0;102.22286666666666;302.0
350;350.0;;;0.0;94.5962;775.0;0.0;98.40953333333331;542.0
351;351.0;;;1.0;92.98286666666668;566.0;0.0;94.5962;775.0
352;352.0;;;0.0;89.16953333333332;793.0;1.0;92.98286666666668;566.0
353;353.0;;;1.0;87.5562;570.0;0.0;89.16953333333332;793.0
354;354.0;;;1.0;85.94286666666667;452.0;1.0;87.5562;570.0
355;355.0;;;3.0;88.78742666666668;412.0;1.0;85.94286666666667;452.0
356;356.0;;;2.0;89.47624000000002;527.0;3.0;88.78742666666668;412.0
357;357.0;;;0.0;85.83252;753.0;2.0;89.47624000000002;527.0
358;358.0;;;1.0;84.46818000000002;564.0;0.0;85.83252;753.0
359;359.0;;;1.0;83.15138000000002;479.0;1.0;84.46818000000002;564.0
360;360.0;;;2.0;84.10565333333334;432.0;1.0;83.15138000000002;479.0
361;361.0;;;2.0;85.1101066666667;518.0;2.0;84.10565333333334;432.0
362;362.0;;;0.0;81.75532000000003;747.0;2.0;85.1101066666667;518.0
363;363.0;;;0.0;78.37574666666669;928.0;0.0;81.75532000000003;747.0
364;364.0;;;0.0;74.98368666666667;1071.0;0.0;78.37574666666669;928.0
365;365.0;;;0.0;71.65751333333334;1179.0;0.0;74.98368666666667;1071.0
366;366.0;;;0.0;69.88975000000002;237.0;0.0;71.65751333333334;1179.0
367;367.0;;;1.0;69.52308333333336;286.0;0.0;69.88975000000002;237.0
368;368.0;;;0.0;66.9564166666667;521.0;1.0;69.52308333333336;286.0
369;369.0;;;3.0;70.98975000000002;340.0;0.0;66.9564166666667;521.0
370;370.0;;;0.0;68.42308333333335;578.0;3.0;70.98975000000002;340.0
371;371.0;;;1.0;68.05641666666669;464.0;0.0;68.42308333333335;578.0
372;372.0;;;0.0;65.48975000000002;694.0;1.0;68.05641666666669;464.0
373;373.0;;;3.0;69.52308333333335;393.0;0.0;65.48975000000002;694.0
374;374.0;;;2.0;71.39538333333336;471.0;3.0;69.52308333333335;393.0
375;375.0;;;1.0;71.08655000000002;406.0;2.0;71.39538333333336;471.0
376;376.0;;;0.0;68.61940000000001;640.0;1.0;71.08655000000002;406.0
377;377.0;;;1.0;68.30525;484.0;0.0;68.61940000000001;640.0
378;378.0;;;1.0;68.01115000000001;430.0;1.0;68.30525;484.0
379;379.0;;;0.0;65.53676666666668;665.0;1.0;68.01115000000001;430.0
380;380.0;;;1.0;65.30528333333334;511.0;0.0;65.53676666666668;665.0
381;381.0;;;1.0;65.02790000000002;416.0;1.0;65.30528333333334;511.0
382;382.0;;;0.0;62.50493333333335;654.0;1.0;65.02790000000002;416.0
383;383.0;;;1.0;62.18023333333335;489.0;0.0;62.50493333333335;654.0
384;384.0;;;2.0;64.09846666666668;449.0;1.0;62.18023333333335;489.0
385;385.0;;;0.0;61.637933333333336;680.0;2.0;64.09846666666668;449.0
386;386.0;;;0.0;59.18773333333334;868.0;0.0;61.637933333333336;680.0
387;387.0;;;0.0;56.7818;1006.0;0.0;59.18773333333334;868.0
388;388.0;;;0.0;54.39805000000001;1112.0;0.0;56.7818;1006.0
389;389.0;;;2.0;71.29447499999998;210.0;0.0;54.39805000000001;1112.0
390;390.0;;;1.0;71.03780833333333;274.0;2.0;71.29447499999998;210.0
391;391.0;;;1.0;70.78114166666667;310.0;1.0;71.03780833333333;274.0
392;392.0;;;0.0;68.32447499999999;550.0;1.0;70.78114166666667;310.0
393;393.0;;;2.0;70.26780833333333;373.0;0.0;68.32447499999999;550.0
394;394.0;;;0.0;67.81114166666667;608.0;2.0;70.26780833333333;373.0
395;395.0;;;2.0;69.75447500000001;400.0;0.0;67.81114166666667;608.0
396;396.0;;;1.0;69.49780833333334;389.0;2.0;69.75447500000001;400.0
397;397.0;;;1.0;69.21163833333334;379.0;1.0;69.49780833333334;389.0
398;398.0;;;1.0;68.91929499999999;381.0;1.0;69.21163833333334;379.0
399;399.0;;;0.0;66.43156;620.0;1.0;68.91929499999999;381.0
400;400.0;;;1.0;66.181915;473.0;0.0;66.43156;620.0
401;401.0;;;0.0;63.714865;705.0;1.0;66.181915;473.0
402;402.0;;;0.0;61.27512666666667;898.0;0.0;63.714865;705.0
403;403.0;;;1.0;61.01802833333334;655.0;0.0;61.27512666666667;898.0
404;404.0;;;0.0;58.555110000000006;858.0;1.0;61.01802833333334;655.0
405;405.0;;;0.0;56.09702333333335;1003.0;0.0;58.555110000000006;858.0
406;406.0;;;0.0;53.64394333333335;1118.0;0.0;56.09702333333335;1003.0
407;407.0;;;1.0;130.996825;213.0;0.0;53.64394333333335;1118.0
408;408.0;;;3.0;132.866825;356.0;1.0;130.996825;213.0
409;409.0;;;2.0;132.53682500000002;487.0;3.0;132.866825;356.0
410;410.0;;;1.0;130.006825;426.0;2.0;132.53682500000002;487.0
411;411.0;;;3.0;131.876825;441.0;1.0;130.006825;426.0
412;412.0;;;0.0;127.146825;669.0;3.0;131.876825;441.0
413;413.0;;;2.0;126.816825;406.0;0.0;127.146825;669.0
414;414.0;;;1.0;124.286825;374.0;2.0;126.816825;406.0
415;415.0;;;2.0;123.99523500000001;399.0;1.0;124.286825;374.0
416;416.0;;;2.0;123.688365;490.0;2.0;123.99523500000001;399.0
417;417.0;;;0.0;118.97762;715.0;2.0;123.688365;490.0
418;418.0;;;1.0;116.507205;536.0;0.0;118.97762;715.0
419;419.0;;;0.0;111.822055;769.0;1.0;116.507205;536.0
420;420.0;;;2.0;111.60032;446.0;0.0;111.822055;769.0
421;421.0;;;1.0;109.20886499999999;412.0;2.0;111.60032;446.0
422;422.0;;;2.0;109.06007;402.0;1.0;109.20886499999999;412.0
423;423.0;;;2.0;108.93203;494.0;2.0;109.06007;402.0
424;424.0;;;0.0;104.41476999999999;715.0;2.0;108.93203;494.0
425;425.0;;;0.0;99.97543;901.0;0.0;104.41476999999999;715.0
426;426.0;;;2.0;100.00418000000002;497.0;0.0;99.97543;901.0
427;427.0;;;0.0;95.72489;728.0;2.0;100.00418000000002;497.0
428;428.0;;;0.0;91.48356000000004;920.0;0.0;95.72489;728.0
429;429.0;;;0.0;87.29317500000002;1069.0;0.0;91.48356000000004;920.0
430;430.0;;;0.0;83.13285;1180.0;0.0;87.29317500000002;1069.0
431;431.0;;;2.0;78.28345000000002;210.0;0.0;83.13285;1180.0
432;432.0;;;2.0;79.97011666666668;348.0;2.0;78.28345000000002;210.0
433;433.0;;;0.0;77.25678333333335;584.0;2.0;79.97011666666668;348.0
434;434.0;;;1.0;76.74345000000002;460.0;0.0;77.25678333333335;584.0
435;435.0;;;2.0;78.43011666666669;438.0;1.0;76.74345000000002;460.0
436;436.0;;;0.0;75.71678333333334;672.0;2.0;78.43011666666669;438.0
437;437.0;;;0.0;73.00345;876.0;0.0;75.71678333333334;672.0
438;438.0;;;1.0;72.49011666666667;633.0;0.0;73.00345;876.0
439;439.0;;;2.0;74.15117666666667;534.0;1.0;72.49011666666667;633.0
440;440.0;;;2.0;75.77789000000001;580.0;2.0;74.15117666666667;534.0
441;441.0;;;2.0;77.43652000000002;618.0;2.0;75.77789000000001;580.0
442;442.0;;;0.0;74.71593000000001;829.0;2.0;77.43652000000002;618.0
443;443.0;;;1.0;74.17203;600.0;0.0;74.71593000000001;829.0
444;444.0;;;2.0;75.86015333333334;509.0;1.0;74.17203;600.0
445;445.0;;;0.0;73.20265666666667;738.0;2.0;75.86015333333334;509.0
446;446.0;;;0.0;70.56702;940.0;0.0;73.20265666666667;738.0
447;447.0;;;1.0;70.10914666666667;691.0;0.0;70.56702;940.0
448;448.0;;;2.0;71.8178866666667;610.0;1.0;70.10914666666667;691.0
449;449.0;;;0.0;69.09291333333333;817.0;2.0;71.8178866666667;610.0
450;450.0;;;1.0;68.60074666666668;581.0;0.0;69.09291333333333;817.0
451;451.0;;;0.0;65.93030666666667;798.0;1.0;68.60074666666668;581.0
452;452.0;;;0.0;63.23766000000001;957.0;0.0;65.93030666666667;798.0
453;453.0;;;2.0;64.97834999999999;574.0;0.0;63.23766000000001;957.0
454;454.0;;;0.0;62.37506666666667;794.0;2.0;64.97834999999999;574.0
455;455.0;;;1.0;61.99547666666668;548.0;0.0;62.37506666666667;794.0
456;456.0;;;2.0;63.7959;481.0;1.0;61.99547666666668;548.0
457;457.0;;;1.0;63.43243333333334;412.0;2.0;63.7959;481.0
458;458.0;;;2.0;65.29408000000001;385.0;1.0;63.43243333333334;412.0
459;459.0;;;2.0;67.20457333333334;483.0;2.0;65.29408000000001;385.0
460;460.0;;;2.0;69.17580666666667;557.0;2.0;67.20457333333334;483.0
461;461.0;;;2.0;71.14253333333333;603.0;2.0;69.17580666666667;557.0
462;462.0;;;1.0;70.9498666666667;479.0;2.0;71.14253333333333;603.0
463;463.0;;;1.0;70.78723333333333;401.0;1.0;70.9498666666667;479.0
464;464.0;;;0.0;68.41131999999999;637.0;1.0;70.78723333333333;401.0
465;465.0;;;1.0;68.24422666666666;462.0;0.0;68.41131999999999;637.0
466;466.0;;;3.0;72.46391333333331;399.0;1.0;68.24422666666666;462.0
467;467.0;;;1.0;72.25852333333334;353.0;3.0;72.46391333333331;399.0
468;468.0;;;0.0;69.82750666666666;588.0;1.0;72.25852333333334;353.0
469;469.0;;;2.0;71.77004333333333;336.0;0.0;69.82750666666666;588.0
470;470.0;;;1.0;71.5182366666667;315.0;2.0;71.77004333333333;336.0
471;471.0;;;1.0;71.28164333333334;300.0;1.0;71.5182366666667;315.0
472;472.0;;;2.0;73.29291333333336;314.0;1.0;71.28164333333334;300.0
473;473.0;;;0.0;70.92899666666669;549.0;2.0;73.29291333333336;314.0
474;474.0;;;0.0;68.51076;758.0;0.0;70.92899666666669;549.0
475;475.0;;;2.0;70.48124000000001;390.0;0.0;68.51076;758.0
476;476.0;;;1.0;70.29314333333333;319.0;2.0;70.48124000000001;390.0
477;477.0;;;0.0;67.88941666666668;556.0;1.0;70.29314333333333;319.0
478;478.0;;;2.0;69.87855333333333;288.0;0.0;67.88941666666668;556.0
479;479.0;;;1.0;69.66854000000001;267.0;2.0;69.87855333333333;288.0
480;480.0;;;0.0;67.22353333333334;503.0;1.0;69.66854000000001;267.0
481;481.0;;;0.0;64.79586;729.0;0.0;67.22353333333334;503.0
482;482.0;;;0.0;62.40511666666666;866.0;0.0;64.79586;729.0
483;483.0;;;1.0;62.18274666666667;633.0;0.0;62.40511666666666;866.0
484;484.0;;;2.0;64.13761666666667;488.0;1.0;62.18274666666667;633.0
485;485.0;;;1.0;63.91276333333334;390.0;2.0;64.13761666666667;488.0
486;486.0;;;0.0;61.45194666666667;625.0;1.0;63.91276333333334;390.0
487;487.0;;;2.0;63.366426666666676;334.0;0.0;61.45194666666667;625.0
488;488.0;;;1.0;63.10213333333334;289.0;2.0;63.366426666666676;334.0
489;489.0;;;3.0;67.27087333333333;295.0;1.0;63.10213333333334;289.0
490;490.0;;;1.0;67.0766;254.0;3.0;67.27087333333333;295.0
491;491.0;;;0.0;64.613;485.0;1.0;67.0766;254.0
492;492.0;;;2.0;66.51620000000001;254.0;0.0;64.613;485.0
493;493.0;;;2.0;68.61260000000001;325.0;2.0;66.51620000000001;254.0
494;494.0;;;0.0;66.24849999999999;545.0;2.0;68.61260000000001;325.0
495;495.0;;;2.0;68.1734;276.0;0.0;66.24849999999999;545.0
496;496.0;;;0.0;65.9021;508.0;2.0;68.1734;276.0
497;497.0;;;2.0;67.98049999999999;258.0;0.0;65.9021;508.0
498;498.0;;;1.0;67.75510000000001;230.0;2.0;67.98049999999999;258.0
499;499.0;;;0.0;65.2824;466.0;1.0;67.75510000000001;230.0
500;500.0;;;0.0;62.80949999999999;682.0;0.0;65.2824;466.0
501;501.0;;;0.0;60.31409999999999;841.0;0.0;62.80949999999999;682.0
502;502.0;;;0.0;58.0615;976.0;0.0;60.31409999999999;841.0
503;503.0;;;1.0;57.9065;688.0;0.0;58.0615;976.0
504;504.0;;;2.0;59.8928;569.0;1.0;57.9065;688.0
505;505.0;;;0.0;57.6744;753.0;2.0;59.8928;569.0
506;506.0;;;0.0;55.4601;900.0;0.0;57.6744;753.0
507;507.0;;;0.0;53.191;1011.0;0.0;55.4601;900.0
508;508.0;;;2.0;90.26455000000004;210.0;0.0;53.191;1011.0
509;509.0;;;1.0;89.3112166666667;274.0;2.0;90.26455000000004;210.0
510;510.0;;;0.0;86.15788333333337;512.0;1.0;89.3112166666667;274.0
511;511.0;;;0.0;83.00455000000005;746.0;0.0;86.15788333333337;512.0
512;512.0;;;0.0;79.8512166666667;912.0;0.0;83.00455000000005;746.0
513;513.0;;;3.0;83.29788333333336;534.0;0.0;79.8512166666667;912.0
514;514.0;;;2.0;84.54455000000003;551.0;3.0;83.29788333333336;534.0
515;515.0;;;0.0;81.3912166666667;774.0;2.0;84.54455000000003;551.0
516;516.0;;;0.0;78.21895666666668;951.0;0.0;81.3912166666667;774.0
517;517.0;;;1.0;77.25471000000002;740.0;0.0;78.21895666666668;951.0
518;518.0;;;0.0;74.14288000000002;929.0;1.0;77.25471000000002;740.0
519;519.0;;;0.0;71.09517000000002;1078.0;0.0;74.14288000000002;929.0
520;520.0;;;2.0;72.51247000000002;642.0;0.0;71.09517000000002;1078.0
521;521.0;;;0.0;69.49561333333335;843.0;2.0;72.51247000000002;642.0
522;522.0;;;1.0;68.64507666666668;633.0;0.0;69.49561333333335;843.0
523;523.0;;;3.0;72.23838;532.0;1.0;68.64507666666668;633.0
524;524.0;;;0.0;69.29848666666668;753.0;3.0;72.23838;532.0
525;525.0;;;0.0;66.39304666666668;935.0;0.0;69.29848666666668;753.0
526;526.0;;;1.0;65.74525333333335;710.0;0.0;66.39304666666668;935.0
527;527.0;;;2.0;67.36738666666669;585.0;1.0;65.74525333333335;710.0
528;528.0;;;0.0;64.59452666666667;800.0;2.0;67.36738666666669;585.0
529;529.0;;;0.0;61.87244000000001;960.0;0.0;64.59452666666667;800.0
530;530.0;;;1.0;61.39095000000001;707.0;0.0;61.87244000000001;960.0
531;531.0;;;2.0;63.07376666666667;578.0;1.0;61.39095000000001;707.0
532;532.0;;;1.0;62.59915666666668;455.0;2.0;63.07376666666667;578.0
533;533.0;;;3.0;66.60159999999999;438.0;1.0;62.59915666666668;455.0
534;534.0;;;1.0;66.24933333333334;420.0;3.0;66.60159999999999;438.0
535;535.0;;;0.0;63.69922000000001;653.0;1.0;66.24933333333334;420.0
536;536.0;;;0.0;61.20719333333335;855.0;0.0;63.69922000000001;653.0
537;537.0;;;1.0;60.99582666666667;637.0;0.0;61.20719333333335;855.0
538;538.0;;;2.0;63.03303333333334;545.0;1.0;60.99582666666667;637.0
539;539.0;;;2.0;65.07406666666668;582.0;2.0;63.03303333333334;545.0
540;540.0;;;0.0;62.74033333333333;790.0;2.0;65.07406666666668;582.0
541;;;;0.0;92.32879999999999;477.0;0.0;95.84879999999998;237.0
542;;;;0.0;88.80879999999999;714.0;0.0;92.32879999999999;477.0
543;;;;2.0;89.6888;425.0;0.0;88.80879999999999;714.0
544;;;;2.0;90.56880000000001;501.0;2.0;89.6888;425.0
545;;;;0.0;87.04880000000001;727.0;2.0;90.56880000000001;501.0
546;;;;0.0;83.52880000000002;922.0;0.0;87.04880000000001;727.0
547;;;;1.0;82.20880000000002;671.0;0.0;83.52880000000002;922.0
548;;;;2.0;83.14224000000003;577.0;1.0;82.20880000000002;671.0
549;;;;2.0;84.14736000000003;590.0;2.0;83.14224000000003;577.0
550;;;;0.0;80.82528000000003;811.0;2.0;84.14736000000003;590.0
551;;;;2.0;81.91032000000003;464.0;0.0;80.82528000000003;811.0
552;;;;0.0;78.58112000000003;697.0;2.0;81.91032000000003;464.0
553;;;;2.0;79.70468000000002;430.0;0.0;78.58112000000003;697.0
554;;;;0.0;76.50416000000003;668.0;2.0;79.70468000000002;430.0
555;;;;2.0;77.74768000000003;399.0;0.0;76.50416000000003;668.0
556;;;;0.0;74.59192000000002;638.0;2.0;77.74768000000003;399.0
557;;;;0.0;71.42678000000001;855.0;0.0;74.59192000000002;638.0
558;;;;0.0;68.31982;1004.0;0.0;71.42678000000001;855.0
559;;;;0.0;65.22792;1137.0;0.0;68.31982;1004.0
560;;;;0.0;66.89447499999999;237.0;0.0;65.22792;1137.0
561;;;;2.0;68.83780833333333;297.0;0.0;66.89447499999999;237.0
562;;;;2.0;70.78114166666667;425.0;2.0;68.83780833333333;297.0
563;;;;0.0;68.32447499999999;660.0;2.0;70.78114166666667;425.0
564;;;;0.0;65.86780833333333;872.0;0.0;68.32447499999999;660.0
565;;;;0.0;63.411141666666666;1029.0;0.0;65.86780833333333;872.0
566;;;;0.0;60.954475;1161.0;0.0;63.411141666666666;1029.0
567;;;;2.0;133.19682500000002;210.0;0.0;60.954475;1161.0
568;;;;2.0;132.866825;351.0;2.0;133.19682500000002;210.0
569;;;;2.0;132.53682500000002;473.0;2.0;132.866825;351.0
570;;;;0.0;127.80682500000002;706.0;2.0;132.53682500000002;473.0
571;;;;2.0;127.47682500000002;433.0;0.0;127.80682500000002;706.0
572;;;;0.0;122.74682500000002;665.0;2.0;127.47682500000002;433.0
573;;;;1.0;120.21682500000001;508.0;0.0;122.74682500000002;665.0
574;;;;0.0;115.48682500000001;742.0;1.0;120.21682500000001;508.0
575;;;;2.0;115.16183500000001;446.0;0.0;115.48682500000001;742.0
576;;;;0.0;110.443565;680.0;2.0;115.16183500000001;446.0
577;;;;2.0;110.13212000000001;428.0;0.0;110.443565;680.0
578;;;;1.0;107.694405;400.0;2.0;110.13212000000001;428.0
579;;;;1.0;105.28655499999998;383.0;1.0;107.694405;400.0
580;;;;1.0;102.95411999999999;378.0;1.0;105.28655499999998;383.0
581;;;;1.0;100.68666499999999;360.0;1.0;102.95411999999999;378.0
582;;;;3.0;102.90816999999998;399.0;1.0;100.68666499999999;360.0
583;;;;0.0;98.56433;636.0;3.0;102.90816999999998;399.0
584;;;;2.0;98.70137;383.0;0.0;98.56433;636.0
585;;;;1.0;96.67613000000001;381.0;2.0;98.70137;383.0
586;;;;0.0;92.50178;616.0;1.0;96.67613000000001;381.0
587;;;;0.0;88.39089;831.0;0.0;92.50178;616.0
588;;;;0.0;84.34555999999999;984.0;0.0;88.39089;831.0
589;;;;2.0;84.768075;582.0;0.0;84.34555999999999;984.0
590;;;;2.0;85.19365;592.0;2.0;84.768075;582.0
591;;;;1.0;83.50248500000001;494.0;2.0;85.19365;592.0
592;;;;2.0;84.06235000000001;465.0;1.0;83.50248500000001;494.0
593;;;;2.0;84.6876;524.0;2.0;84.06235000000001;465.0
594;;;;0.0;81.02343;747.0;2.0;84.6876;524.0
595;;;;0.0;77.48359;918.0;0.0;81.02343;747.0
596;;;;2.0;78.46974000000002;519.0;0.0;77.48359;918.0
597;;;;1.0;77.31685000000002;438.0;2.0;78.46974000000002;519.0
598;;;;2.0;78.40310000000002;412.0;1.0;77.31685000000002;438.0
599;;;;0.0;75.16075000000002;645.0;2.0;78.40310000000002;412.0
600;;;;3.0;78.56636999999999;378.0;0.0;75.16075000000002;645.0
601;;;;0.0;75.40591;615.0;3.0;78.56636999999999;378.0
602;;;;0.0;72.34282999999999;818.0;0.0;75.40591;615.0
603;;;;2.0;73.795015;436.0;0.0;72.34282999999999;818.0
604;;;;0.0;70.89219;666.0;2.0;73.795015;436.0
605;;;;1.0;70.23993500000002;488.0;0.0;70.89219;666.0
606;;;;1.0;69.61034500000001;402.0;1.0;70.23993500000002;488.0
607;;;;1.0;69.05358500000001;376.0;1.0;69.61034500000001;402.0
608;;;;2.0;70.68498000000001;381.0;1.0;69.05358500000001;376.0
609;;;;0.0;67.967055;613.0;2.0;70.68498000000001;381.0
610;;;;2.0;69.72611;370.0;0.0;67.967055;613.0
611;;;;0.0;67.09309;604.0;2.0;69.72611;370.0
612;;;;3.0;71.107285;365.0;0.0;67.09309;604.0
613;;;;0.0;68.554675;599.0;3.0;71.107285;365.0
614;;;;0.0;66.02127;812.0;0.0;68.554675;599.0
615;;;;0.0;63.50444;975.0;0.0;66.02127;812.0
616;;;;3.0;67.56859999999999;578.0;0.0;63.50444;975.0
617;;;;3.0;71.66710999999998;558.0;3.0;67.56859999999999;578.0
618;;;;1.0;71.35397499999999;483.0;3.0;71.66710999999998;558.0
619;;;;2.0;73.27223000000001;447.0;1.0;71.35397499999999;483.0
620;;;;2.0;75.14302500000001;506.0;2.0;73.27223000000001;447.0
621;;;;2.0;77.03115500000001;555.0;2.0;75.14302500000001;506.0
622;;;;0.0;74.57023000000002;760.0;2.0;77.03115500000001;555.0
623;;;;2.0;76.55916000000002;416.0;0.0;74.57023000000002;760.0
624;;;;2.0;78.49920000000002;432.0;2.0;76.55916000000002;416.0
625;;;;2.0;80.35689000000002;493.0;2.0;78.49920000000002;432.0
626;;;;0.0;77.79780000000001;706.0;2.0;80.35689000000002;493.0
627;;;;0.0;75.22680000000001;874.0;0.0;77.79780000000001;706.0
628;;;;1.0;74.8166;640.0;0.0;75.22680000000001;874.0
629;;;;1.0;74.367;462.0;1.0;74.8166;640.0
630;;;;2.0;76.34460000000001;380.0;1.0;74.367;462.0
631;;;;0.0;73.70280000000001;609.0;2.0;76.34460000000001;380.0
632;;;;0.0;71.22120000000001;800.0;0.0;73.70280000000001;609.0
633;;;;3.0;75.19669999999999;378.0;0.0;71.22120000000001;800.0
634;;;;2.0;77.0956;406.0;3.0;75.19669999999999;378.0
635;;;;0.0;74.43820000000001;625.0;2.0;77.0956;406.0
636;;;;3.0;78.59049999999999;338.0;0.0;74.43820000000001;625.0
637;;;;0.0;75.94;570.0;3.0;78.59049999999999;338.0
638;;;;1.0;75.55319999999999;410.0;0.0;75.94;570.0
639;;;;0.0;72.9823;645.0;1.0;75.55319999999999;410.0
640;;;;1.0;72.6498;440.0;0.0;72.9823;645.0
641;;;;3.0;76.6544;371.0;1.0;72.6498;440.0
642;;;;0.0;73.79589999999999;603.0;3.0;76.6544;371.0
643;;;;3.0;77.85189999999999;317.0;0.0;73.79589999999999;603.0
644;;;;0.0;75.0426;553.0;3.0;77.85189999999999;317.0
645;;;;2.0;76.7382;322.0;0.0;75.0426;553.0
646;;;;2.0;78.53780000000002;382.0;2.0;76.7382;322.0
647;;;;1.0;78.16570000000002;339.0;2.0;78.53780000000002;382.0
648;;;;2.0;80.00310000000002;341.0;1.0;78.16570000000002;339.0
649;;;;0.0;77.17440000000002;576.0;2.0;80.00310000000002;341.0
650;;;;2.0;78.76290000000002;296.0;0.0;77.17440000000002;576.0
651;;;;0.0;76.00300000000001;531.0;2.0;78.76290000000002;296.0
652;;;;0.0;73.16590000000001;741.0;0.0;76.00300000000001;531.0
653;;;;1.0;72.5202;490.0;0.0;73.16590000000001;741.0
654;;;;2.0;74.24770000000002;402.0;1.0;72.5202;490.0
655;;;;1.0;73.78190000000001;327.0;2.0;74.24770000000002;402.0
656;;;;1.0;73.1027;270.0;1.0;73.78190000000001;327.0
657;;;;0.0;70.36670000000001;508.0;1.0;73.1027;270.0
658;;;;0.0;67.5295;725.0;0.0;70.36670000000001;508.0
659;;;;0.0;64.9359;881.0;0.0;67.5295;725.0
660;;;;2.0;66.50510000000001;460.0;0.0;64.9359;881.0
661;;;;0.0;64.0062;671.0;2.0;66.50510000000001;460.0
662;;;;1.0;63.6897;458.0;0.0;64.0062;671.0
663;;;;2.0;65.37790000000001;363.0;1.0;63.6897;458.0
664;;;;1.0;65.0792;317.0;2.0;65.37790000000001;363.0
665;;;;0.0;62.52620000000001;550.0;1.0;65.0792;317.0
666;;;;0.0;60.0287;752.0;0.0;62.52620000000001;550.0
667;;;;2.0;61.98559999999999;369.0;0.0;60.0287;752.0
668;;;;2.0;63.83229999999999;377.0;2.0;61.98559999999999;369.0
669;;;;0.0;61.5112;605.0;2.0;63.83229999999999;377.0
670;;;;1.0;61.21300000000001;394.0;0.0;61.5112;605.0
671;;;;1.0;61.0931;293.0;1.0;61.21300000000001;394.0
672;;;;0.0;58.47470000000001;521.0;1.0;61.0931;293.0
673;;;;0.0;56.2042;727.0;0.0;58.47470000000001;521.0
674;;;;1.0;56.1923;511.0;0.0;56.2042;727.0
675;;;;1.0;56.17520000000001;357.0;1.0;56.1923;511.0
676;;;;1.0;55.83220000000001;284.0;1.0;56.17520000000001;357.0
677;;;;0.0;53.33230000000001;522.0;1.0;55.83220000000001;284.0
678;;;;2.0;119.218875;210.0;0.0;53.33230000000001;522.0
679;;;;0.0;115.00220833333333;449.0;2.0;119.218875;210.0
680;;;;0.0;110.78554166666666;688.0;0.0;115.00220833333333;449.0
681;;;;1.0;108.768875;513.0;0.0;110.78554166666666;688.0
682;;;;1.0;106.75220833333333;432.0;1.0;108.768875;513.0
683;;;;3.0;109.13554166666665;432.0;1.0;106.75220833333333;432.0
684;;;;0.0;104.91887499999999;663.0;3.0;109.13554166666665;432.0
685;;;;3.0;107.30220833333331;430.0;0.0;104.91887499999999;663.0
686;;;;0.0;103.08275833333332;665.0;3.0;107.30220833333331;430.0
687;;;;1.0;101.12637499999998;521.0;0.0;103.08275833333332;665.0
688;;;;0.0;97.05579999999999;749.0;1.0;101.12637499999998;521.0
689;;;;0.0;93.03897499999998;924.0;0.0;97.05579999999999;749.0
690;;;;0.0;89.06582499999998;1064.0;0.0;93.03897499999998;924.0
691;;;;2.0;89.47056666666666;647.0;0.0;89.06582499999998;1064.0
692;;;;1.0;87.73180833333332;526.0;2.0;89.47056666666666;647.0
693;;;;1.0;85.98335;442.0;1.0;87.73180833333332;526.0
694;;;;2.0;86.49318333333335;414.0;1.0;85.98335;442.0
695;;;;2.0;87.06168333333335;518.0;2.0;86.49318333333335;414.0
696;;;;2.0;87.71321666666668;585.0;2.0;87.06168333333335;518.0
697;;;;0.0;84.06043333333335;811.0;2.0;87.71321666666668;585.0
698;;;;2.0;84.90588333333336;462.0;0.0;84.06043333333335;811.0
699;;;;1.0;83.58510000000003;422.0;2.0;84.90588333333336;462.0
700;;;;3.0;86.71122500000003;425.0;1.0;83.58510000000003;422.0
